sludinajuma_saite,bilde,marka,modelis
/msg/lv/transport/cars/volvo/s80/aaccx.html,https://i.ss.lv/gallery/7/1308/326866/65373101.th2.jpg,Volvo,
/msg/lv/transport/cars/opel/combo/cfmlbf.html,https://i.ss.lv/gallery/7/1317/329034/65806773.th2.jpg,Opel,
/msg/lv/transport/cars/opel/astra/cfjjh.html,https://i.ss.lv/gallery/7/1303/325614/65122736.th2.jpg,Opel,
/msg/lv/transport/cars/mini/one/acnfc.html,https://i.ss.lv/gallery/7/1319/329598/65919543.th2.jpg,Mini,
/msg/lv/transport/cars/lexus/nx/cxdxbi.html,https://i.ss.lv/gallery/7/1320/329912/65982304.th2.jpg,Lexus,
/msg/lv/transport/cars/opel/astra/fhmhj.html,https://i.ss.lv/gallery/7/1314/328408/65681588.th2.jpg,Opel,
/msg/lv/transport/cars/land-rover/discovery/cejxfe.html,https://i.ss.lv/gallery/7/1283/320505/64100879.th2.jpg,Land Rover,
/msg/lv/transport/cars/toyota/land-cruiser/ddbkf.html,https://i.ss.lv/gallery/7/1319/329513/65902565.th2.jpg,Toyota,
/msg/lv/transport/cars/bmw/530/bemjbp.html,https://i.ss.lv/gallery/7/1319/329569/65913603.th2.jpg,Bmw,
/msg/lv/transport/cars/bmw/320/cdbxnk.html,https://i.ss.lv/gallery/7/1318/329497/65899379.th2.jpg,Bmw,
/msg/lv/transport/cars/volkswagen/golf-plus/cdxkmh.html,https://i.ss.lv/gallery/7/1319/329511/65902139.th2.jpg,Volkswagen,
/msg/lv/transport/cars/seat/alhambra/bhpjcj.html,https://i.ss.lv/gallery/7/1319/329513/65902458.th2.jpg,Seat,
/msg/lv/transport/cars/volkswagen/amarok/cbexmg.html,https://i.ss.lv/gallery/7/1321/330114/66022645.th2.jpg,Volkswagen,
/msg/lv/transport/cars/nissan/x-trail/cdmhkg.html,https://i.ss.lv/gallery/7/1321/330115/66022802.th2.jpg,Nissan,
/msg/lv/transport/cars/volvo/xc90/cebekp.html,https://i.ss.lv/gallery/7/1320/329911/65982134.th2.jpg,<b>Volvo<br/>XC 90</b>,
/msg/lv/transport/cars/bmw/730/bjecen.html,https://i.ss.lv/gallery/7/1321/330114/66022663.th2.jpg,Bmw,
/msg/lv/transport/cars/volkswagen/tiguan/cdenbk.html,https://i.ss.lv/gallery/7/1236/308969/61793643.th2.jpg,<b>Volkswagen<br/>Tiguan</b>,
/msg/lv/transport/cars/honda/cr-v/cdlpjl.html,https://i.ss.lv/gallery/7/1321/330113/66022512.th2.jpg,<b>Honda<br/>Cr-v</b>,
/msg/lv/transport/cars/bmw/x5/cedmnf.html,https://i.ss.lv/gallery/7/1249/312218/62443401.th2.jpg,Bmw,
/msg/lv/transport/cars/toyota/rav-4/cchmdm.html,https://i.ss.lv/gallery/7/1297/324171/64834026.th2.jpg,Toyota,
/msg/lv/transport/cars/volkswagen/t5/biknkg.html,https://i.ss.lv/gallery/7/1285/321075/64214826.th2.jpg,Volkswagen,
/msg/lv/transport/cars/bmw/535/bekjii.html,https://i.ss.lv/gallery/7/1293/323109/64621696.th2.jpg,Bmw,
/msg/lv/transport/cars/volkswagen/passat-b8/ccpggm.html,https://i.ss.lv/gallery/7/1230/307408/61481447.th2.jpg,Volkswagen,
/msg/lv/transport/cars/renault/trafic/blcjeh.html,https://i.ss.lv/gallery/7/1321/330113/66022577.th2.jpg,<b>Renault<br/>Trafic</b>,
/msg/lv/transport/cars/volvo/v60/cdxgdf.html,https://i.ss.lv/gallery/7/1308/326832/65366262.th2.jpg,Volvo,
/msg/lv/transport/cars/citroen/c4/plhie.html,https://i.ss.lv/gallery/7/1298/324426/64885025.th2.jpg,Citroen,
/msg/lv/transport/cars/volkswagen/polo/ampjh.html,https://i.ss.lv/gallery/7/1312/327753/65550467.th2.jpg,Volkswagen,
/msg/lv/transport/cars/honda/civic/cmecc.html,https://i.ss.lv/gallery/7/1224/305806/61161116.th2.jpg,Honda,
/msg/lv/transport/cars/opel/antara/cbgeho.html,https://i.ss.lv/gallery/7/1300/324932/64986277.th2.jpg,Opel,
/msg/lv/transport/cars/volkswagen/crafter/ccpjkk.html,https://i.ss.lv/gallery/7/1321/330111/66022157.th2.jpg,<b>Volkswagen<br/>Crafter</b>,
/msg/lv/transport/cars/nissan/leaf/cdhcej.html,https://i.ss.lv/gallery/7/1238/309474/61894628.th2.jpg,Nissan,
/msg/lv/transport/cars/audi/allroad/ccmheh.html,https://i.ss.lv/gallery/7/1318/329472/65894399.th2.jpg,Audi,
/msg/lv/transport/cars/bmw/550/lixmi.html,https://i.ss.lv/gallery/7/1313/328112/65622311.th2.jpg,Bmw,
/msg/lv/transport/cars/volkswagen/multivan/fpopf.html,https://i.ss.lv/gallery/7/1321/330111/66022112.th2.jpg,Volkswagen,
/msg/lv/transport/cars/volvo/xc60/cclnfl.html,https://i.ss.lv/gallery/7/1309/327077/65415306.th2.jpg,Volvo,
/msg/lv/transport/cars/bmw/525/fgcec.html,https://i.ss.lv/gallery/7/1304/325899/65179796.th2.jpg,Bmw,
/msg/lv/transport/cars/nissan/pulsar/booelm.html,https://i.ss.lv/gallery/7/1312/327813/65562545.th2.jpg,Nissan,
/msg/lv/transport/cars/volvo/v70/bhmoib.html,https://i.ss.lv/gallery/7/1316/328888/65777523.th2.jpg,Volvo,
/msg/lv/transport/cars/volvo/v50/bbfcnm.html,https://i.ss.lv/gallery/6/1094/273322/54664388.th2.jpg,Volvo,
/msg/lv/transport/cars/skoda/roomster/cfmhxf.html,https://i.ss.lv/gallery/7/1314/328428/65685594.th2.jpg,Skoda,
/msg/lv/transport/cars/skoda/enyaq-iv/cbkmfe.html,https://i.ss.lv/gallery/7/1321/330113/66022435.th2.jpg,Skoda,
/msg/lv/transport/cars/volvo/xc60/ccofib.html,https://i.ss.lv/gallery/7/1309/327071/65414109.th2.jpg,Volvo,
/msg/lv/transport/cars/ford/kuga/cchmjl.html,https://i.ss.lv/gallery/7/1317/329188/65837529.th2.jpg,Ford,
/msg/lv/transport/cars/bmw/525/engje.html,https://i.ss.lv/gallery/7/1316/328994/65798605.th2.jpg,Bmw,
/msg/lv/transport/cars/volvo/xc90/cdnifo.html,https://i.ss.lv/gallery/7/1321/330018/66003445.th2.jpg,Volvo,
/msg/lv/transport/cars/renault/trafic/ccmcop.html,https://i.ss.lv/gallery/7/1259/314574/62914716.th2.jpg,Renault,
/msg/lv/transport/cars/volkswagen/golf-4/befckg.html,https://i.ss.lv/gallery/7/1321/330112/66022362.th2.jpg,<b>Volkswagen<br/>Golf 4</b>,
/msg/lv/transport/cars/volkswagen/passat-b8/bpglng.html,https://i.ss.lv/gallery/7/1321/330112/66022286.th2.jpg,Volkswagen,
/msg/lv/transport/cars/citroen/c4/bckfek.html,https://i.ss.lv/gallery/7/1321/330112/66022331.th2.jpg,Citroen,
/msg/lv/transport/cars/bmw/530/bkgexp.html,https://i.ss.lv/gallery/7/1321/330111/66022177.th2.jpg,Bmw,
/msg/lv/transport/cars/jeep/grand-cherokee/cdxgm.html,https://i.ss.lv/gallery/7/1321/330112/66022321.th2.jpg,Jeep,
/msg/lv/transport/cars/nissan/x-trail/cdpbjk.html,https://i.ss.lv/gallery/7/1321/330081/66016028.th2.jpg,Nissan,
/msg/lv/transport/cars/opel/vivaro/cddpon.html,https://i.ss.lv/gallery/7/1313/328045/65608902.th2.jpg,Opel,
/msg/lv/transport/cars/bmw/i3/cxhpbg.html,https://i.ss.lv/gallery/7/1311/327604/65520705.th2.jpg,Bmw,
/msg/lv/transport/cars/skoda/superb/cdjonk.html,https://i.ss.lv/gallery/7/1241/310138/62027489.th2.jpg,Skoda,
/msg/lv/transport/cars/ford/fiesta/kkxce.html,https://i.ss.lv/gallery/7/1282/320345/64068836.th2.jpg,<b>Ford<br/>Fiesta</b>,
/msg/lv/transport/cars/bmw/320/cdomlc.html,https://i.ss.lv/gallery/7/1321/330111/66022137.th2.jpg,<b>Bmw<br/>320</b>,
/msg/lv/transport/cars/smart/fortwo/jedei.html,https://i.ss.lv/gallery/7/1299/324655/64930871.th2.jpg,Smart,
/msg/lv/transport/cars/toyota/yaris/bxlcbp.html,https://i.ss.lv/gallery/7/1301/325083/65016515.th2.jpg,Toyota,
/msg/lv/transport/cars/subaru/xv/ceigdf.html,https://i.ss.lv/gallery/7/1305/326014/65202733.th2.jpg,<b>Subaru<br/>XV</b>,
/msg/lv/transport/cars/audi/a3/bldpfb.html,https://i.ss.lv/gallery/7/1321/330110/66021993.th2.jpg,<b>Audi<br/>A3</b>,
/msg/lv/transport/cars/volkswagen/transporter/bchkh.html,https://i.ss.lv/gallery/7/1316/328779/65755641.th2.jpg,Volkswagen,
/msg/lv/transport/cars/bmw/525/bbxhf.html,https://i.ss.lv/gallery/7/1313/328062/65612383.th2.jpg,Bmw,
/msg/lv/transport/cars/bmw/i3s/ccxekl.html,https://i.ss.lv/gallery/7/1321/330111/66022086.th2.jpg,Bmw,
/msg/lv/transport/cars/land-rover/range-rover-sport/bkjbbp.html,https://i.ss.lv/gallery/7/1292/322879/64575654.th2.jpg,Land Rover,
/msg/lv/transport/cars/mercedes/vito/bcifn.html,https://i.ss.lv/gallery/7/1316/328770/65753982.th2.jpg,Mercedes,
/msg/lv/transport/cars/volvo/xc-40/cfeokm.html,https://i.ss.lv/gallery/7/1313/328142/65628375.th2.jpg,Volvo,
/msg/lv/transport/cars/volkswagen/transporter/hxnji.html,https://i.ss.lv/gallery/7/1283/320644/64128691.th2.jpg,Volkswagen,
/msg/lv/transport/cars/volkswagen/jetta/hdjbg.html,https://i.ss.lv/gallery/7/1321/330110/66021922.th2.jpg,<b>Volkswagen<br/>Jetta</b>,
/msg/lv/transport/cars/mazda/mazda3/bbjmmp.html,https://i.ss.lv/gallery/7/1321/330111/66022058.th2.jpg,Mazda,
/msg/lv/transport/cars/ssangyong/rodius/bxdgfe.html,https://i.ss.lv/gallery/7/1321/330111/66022066.th2.jpg,SsangYong,
/msg/lv/transport/cars/mazda/mazda6/bgjoo.html,https://i.ss.lv/gallery/7/1314/328256/65651138.th2.jpg,Mazda,
/msg/lv/transport/cars/opel/mokka/ccplfn.html,https://i.ss.lv/gallery/7/1313/328090/65617876.th2.jpg,Opel,
/msg/lv/transport/cars/audi/80/bogfb.html,https://i.ss.lv/gallery/7/1291/322647/64529234.th2.jpg,<b>Audi<br/>80</b>,
/msg/lv/transport/cars/bmw/520/cdohef.html,https://i.ss.lv/gallery/7/1321/330110/66021893.th2.jpg,Bmw,
/msg/lv/transport/cars/opel/astra/fnncc.html,https://i.ss.lv/gallery/7/1321/330111/66022049.th2.jpg,Opel,
/msg/lv/transport/cars/toyota/proace/cbpddb.html,https://i.ss.lv/gallery/7/1300/324972/64994229.th2.jpg,Toyota,
/msg/lv/transport/cars/audi/a4/biegbi.html,https://i.ss.lv/gallery/7/1321/330111/66022031.th2.jpg,Audi,
/msg/lv/transport/cars/opel/vectra/ankjp.html,https://i.ss.lv/gallery/7/1321/330110/66021926.th2.jpg,<b>Opel<br/>Vectra</b>,
/msg/lv/transport/cars/land-rover/range-rover/cfmbxo.html,https://i.ss.lv/gallery/7/1310/327349/65469738.th2.jpg,Land Rover,
/msg/lv/transport/cars/toyota/camry/hhphj.html,https://i.ss.lv/gallery/7/1218/304303/60860451.th2.jpg,Toyota,
/msg/lv/transport/cars/volkswagen/golf-7/cdmdbh.html,https://i.ss.lv/gallery/7/1321/330110/66021982.th2.jpg,Volkswagen,
/msg/lv/transport/cars/toyota/rav-4/cckjnj.html,https://i.ss.lv/gallery/7/1321/330110/66021943.th2.jpg,Toyota,
/msg/lv/transport/cars/bmw/318/cehei.html,https://i.ss.lv/gallery/7/1321/330110/66021865.th2.jpg,Bmw,
/msg/lv/transport/cars/volkswagen/golf-sportsvan/cflile.html,https://i.ss.lv/gallery/7/1306/326474/65294687.th2.jpg,Volkswagen,
/msg/lv/transport/cars/bmw/530/cdijmx.html,https://i.ss.lv/gallery/7/1313/328034/65606700.th2.jpg,<b>Bmw<br/>530</b>,
/msg/lv/transport/cars/bmw/318/benxef.html,https://i.ss.lv/gallery/7/1321/330083/66016504.th2.jpg,Bmw,
/msg/lv/transport/cars/skoda/octavia/cdiiol.html,https://i.ss.lv/gallery/7/1240/309776/61955072.th2.jpg,Skoda,
/msg/lv/transport/cars/skoda/kodiaq/cdgfik.html,https://i.ss.lv/gallery/7/1314/328260/65651939.th2.jpg,Skoda,
/msg/lv/transport/cars/opel/astra/acjne.html,https://i.ss.lv/gallery/7/1306/326417/65283320.th2.jpg,<b>Opel<br/>Astra</b>,
/msg/lv/transport/cars/nissan/x-trail/cfdnc.html,https://i.ss.lv/gallery/7/1308/326858/65371526.th2.jpg,Nissan,
/msg/lv/transport/cars/mercedes/e200/decej.html,https://i.ss.lv/gallery/6/1182/295458/59091533.th2.jpg,Mercedes,
/msg/lv/transport/cars/kia/ceed/cbnobg.html,https://i.ss.lv/gallery/7/1315/328662/65732331.th2.jpg,Kia,
/msg/lv/transport/cars/volvo/v70/bhnxog.html,https://i.ss.lv/gallery/7/1271/317577/63515350.th2.jpg,Volvo,
/msg/lv/transport/cars/bmw/x5/bhohdp.html,https://i.ss.lv/gallery/7/1315/328577/65715236.th2.jpg,Bmw,
/msg/lv/transport/cars/electric-cars/ccenbo.html,https://i.ss.lv/gallery/7/1207/301684/60336686.th2.jpg,Hyundai,
/msg/lv/transport/cars/toyota/avensis/blhgcb.html,https://i.ss.lv/gallery/7/1321/330110/66021825.th2.jpg,Toyota,
/msg/lv/transport/cars/dacia/sandero/ccbjgj.html,https://i.ss.lv/gallery/7/1308/326972/65394302.th2.jpg,Dacia,
/msg/lv/transport/cars/volkswagen/new-beetle/afbgd.html,https://i.ss.lv/gallery/7/1304/325873/65174448.th2.jpg,Volkswagen,
/msg/lv/transport/cars/renault/laguna/endpn.html,https://i.ss.lv/gallery/7/1295/323614/64722617.th2.jpg,Renault,
/msg/lv/transport/cars/volkswagen/sharan/fpelb.html,https://i.ss.lv/gallery/7/1321/330097/66019333.th2.jpg,Volkswagen,
/msg/lv/transport/cars/chevrolet/captiva/cdkikh.html,https://i.ss.lv/gallery/7/1315/328572/65714371.th2.jpg,Chevrolet,
/msg/lv/transport/cars/peugeot/3008/cfdlgf.html,https://i.ss.lv/gallery/7/1268/316891/63378007.th2.jpg,<b>Peugeot<br/>3008</b>,
/msg/lv/transport/cars/lexus/gs/gekck.html,https://i.ss.lv/gallery/7/1301/325048/65009549.th2.jpg,Lexus,
/msg/lv/transport/cars/toyota/avensis/bhodlh.html,https://i.ss.lv/gallery/7/1305/326142/65228228.th2.jpg,Toyota,
/msg/lv/transport/cars/opel/insignia/beccpm.html,https://i.ss.lv/gallery/7/1321/330109/66021737.th2.jpg,Opel,
/msg/lv/transport/cars/skoda/fabia/bjexfi.html,https://i.ss.lv/gallery/7/1315/328574/65714729.th2.jpg,Skoda,
/msg/lv/transport/cars/toyota/prius/ccnpnc.html,https://i.ss.lv/gallery/7/1320/329927/65985224.th2.jpg,Toyota,
/msg/lv/transport/cars/bmw/x3/cdxhbd.html,https://i.ss.lv/gallery/7/1309/327112/65422379.th2.jpg,Bmw,
/msg/lv/transport/cars/volvo/xc70/cckmfm.html,https://i.ss.lv/gallery/7/1315/328595/65718892.th2.jpg,Volvo,
/msg/lv/transport/cars/toyota/previa/dbhbc.html,https://i.ss.lv/gallery/7/1321/330034/66006662.th2.jpg,<b>Toyota<br/>Previa</b>,
/msg/lv/transport/cars/volvo/v50/bbfcpm.html,https://i.ss.lv/gallery/7/1315/328572/65714264.th2.jpg,Volvo,
/msg/lv/transport/cars/volvo/xc70/bbpfpd.html,https://i.ss.lv/gallery/7/1312/327806/65561061.th2.jpg,Volvo,
/msg/lv/transport/cars/skoda/scala/cxhlde.html,https://i.ss.lv/gallery/7/1311/327554/65510616.th2.jpg,Skoda,
/msg/lv/transport/cars/volvo/xc60/cbpccl.html,https://i.ss.lv/gallery/7/1321/330109/66021624.th2.jpg,Volvo,
/msg/lv/transport/cars/audi/a4/deohf.html,https://i.ss.lv/gallery/7/1321/330102/66020390.th2.jpg,Audi,
/msg/lv/transport/cars/mercedes/e220/cppol.html,https://i.ss.lv/gallery/7/1321/330107/66021268.th2.jpg,Mercedes,
/msg/lv/transport/cars/mazda/mazda3/bldpd.html,https://i.ss.lv/gallery/7/1217/304208/60841593.th2.jpg,Mazda,
/msg/lv/transport/cars/opel/corsa/geehp.html,https://i.ss.lv/gallery/7/1307/326685/65336910.th2.jpg,Opel,
/msg/lv/transport/cars/peugeot/partner/cdogkk.html,https://i.ss.lv/gallery/7/1321/330109/66021664.th2.jpg,Peugeot,
/msg/lv/transport/cars/opel/mokka/cbmndm.html,https://i.ss.lv/gallery/7/1307/326685/65336994.th2.jpg,Opel,
/msg/lv/transport/cars/opel/antara/cblfld.html,https://i.ss.lv/gallery/7/1312/327815/65562845.th2.jpg,Opel,
/msg/lv/transport/cars/volkswagen/touareg/bpcgx.html,https://i.ss.lv/gallery/7/1321/330107/66021246.th2.jpg,Volkswagen,
/msg/lv/transport/cars/volkswagen/golf-variant/bllbmh.html,https://i.ss.lv/gallery/7/1245/311203/62240549.th2.jpg,Volkswagen,
/msg/lv/transport/cars/audi/a6/bikcex.html,https://i.ss.lv/gallery/7/1251/312612/62522377.th2.jpg,Audi,
/msg/lv/transport/cars/audi/a2/cfiggo.html,https://i.ss.lv/gallery/7/1317/329174/65834623.th2.jpg,Audi,
/msg/lv/transport/cars/ford/focus/pjhbe.html,https://i.ss.lv/gallery/7/1300/324847/64969315.th2.jpg,Ford,
/msg/lv/transport/cars/audi/a6/bdiio.html,https://i.ss.lv/gallery/7/1321/330108/66021587.th2.jpg,Audi,
/msg/lv/transport/cars/audi/a3/cdljpb.html,https://i.ss.lv/gallery/7/1319/329721/65944158.th2.jpg,Audi,
/msg/lv/transport/cars/opel/insignia/ccnxnf.html,https://i.ss.lv/gallery/7/1321/330106/66021169.th2.jpg,Opel,
/msg/lv/transport/cars/volkswagen/golf-4/bxpmfl.html,https://i.ss.lv/gallery/7/1313/328243/65648540.th2.jpg,Volkswagen,
/msg/lv/transport/cars/renault/grandscenic/bndikh.html,https://i.ss.lv/gallery/7/1316/328789/65757699.th2.jpg,Renault,
/msg/lv/transport/cars/volkswagen/passat-b5/oehdo.html,https://i.ss.lv/gallery/7/1314/328340/65667923.th2.jpg,Volkswagen,
/msg/lv/transport/cars/renault/arkana/cfncef.html,https://i.ss.lv/gallery/7/1321/330108/66021600.th2.jpg,Renault,
/msg/lv/transport/cars/bmw/520/gmndk.html,https://i.ss.lv/gallery/7/1233/308159/61631602.th2.jpg,Bmw,
/msg/lv/transport/cars/skoda/octavia/bckekk.html,https://i.ss.lv/gallery/7/1315/328604/65720710.th2.jpg,Skoda,
/msg/lv/transport/cars/toyota/corolla/ckdxi.html,https://i.ss.lv/gallery/7/1306/326335/65266956.th2.jpg,Toyota,
/msg/lv/transport/cars/hyundai/i20/cxgcll.html,https://i.ss.lv/gallery/7/1317/329219/65843738.th2.jpg,Hyundai,
/msg/lv/transport/cars/volvo/xc70/cdhoho.html,https://i.ss.lv/gallery/7/1312/327826/65565174.th2.jpg,Volvo,
/msg/lv/transport/cars/audi/q5/bdbmlj.html,https://i.ss.lv/gallery/7/1298/324482/64896332.th2.jpg,Audi,
/msg/lv/transport/cars/nissan/x-trail/bnxxpl.html,https://i.ss.lv/gallery/7/1309/327111/65422163.th2.jpg,Nissan,
/msg/lv/transport/cars/mitsubishi/colt/bgneg.html,https://i.ss.lv/gallery/7/1315/328603/65720590.th2.jpg,Mitsubishi,
/msg/lv/transport/cars/sport-cars/bklflx.html,https://i.ss.lv/gallery/7/1313/328039/65607668.th2.jpg,-,
/msg/lv/transport/cars/audi/a6/cekdef.html,https://i.ss.lv/gallery/7/1317/329220/65843839.th2.jpg,Audi,
/msg/lv/transport/cars/opel/corsa/bkhpdd.html,https://i.ss.lv/gallery/7/1321/330100/66019859.th2.jpg,Opel,
/msg/lv/transport/cars/volvo/v50/cdodon.html,https://i.ss.lv/gallery/7/1320/329945/65988909.th2.jpg,Volvo,
/msg/lv/transport/cars/bmw/530/cdcffg.html,https://i.ss.lv/gallery/7/1317/329225/65844851.th2.jpg,Bmw,
/msg/lv/transport/cars/jaguar/x-type/hgjck.html,https://i.ss.lv/gallery/7/1321/330098/66019531.th2.jpg,Jaguar,
/msg/lv/transport/cars/toyota/avensis/alcfl.html,https://i.ss.lv/gallery/7/1233/308072/61614270.th2.jpg,Toyota,
/msg/lv/transport/cars/kia/sportage/dbfhh.html,https://i.ss.lv/gallery/7/1308/326889/65377616.th2.jpg,Kia,
